[
  {
    "emoteName": "Default",
    "filePathEyebrows": "resources/Nisovin/character_brow_normal_right.png",
    "filePathMouth": "resources/Nisovin/character_closed_right.png",
    "filePathIcon": "resources/Nisovin/Emotes/Default.png"
  },
  {
    "emoteName": "Angry",
    "filePathEyebrows": "resources/Nisovin/character_brow_angry_right.png",
    "filePathMouth": "resources/Nisovin/character_teeth_right.png",
    "filePathIcon": "resources/Nisovin/Emotes/Angry.png"
  },
  {
    "emoteName": "Confused",
    "filePathEyebrows": "resources/Nisovin/character_brow_confused_right.png",
    "filePathMouth": "resources/Nisovin/character_open_right.png",
    "filePathIcon": "resources/Nisovin/Emotes/Confused.png"
  },
  {
    "emoteName": "Gasp",
    "filePathEyebrows": "resources/Nisovin/character_brow_sad_right.png",
    "filePathMouth": "resources/Nisovin/character_wide_open_right.png",
    "filePathIcon": "resources/Nisovin/Emotes/Gasp.png"
  },
  {
    "emoteName": "Ooo",
    "filePathEyebrows": "resources/Nisovin/character_brow_confused_right.png",
    "filePathMouth": "resources/Nisovin/character_o_right.png",
    "filePathIcon": "resources/Nisovin/Emotes/Ooo.png"
  },
  {
    "emoteName": "Sad",
    "filePathEyebrows": "resources/Nisovin/character_brow_sad_right.png",
    "filePathMouth": "resources/Nisovin/character_closed_right.png",
    "filePathIcon": "resources/Nisovin/Emotes/Sad.png"
  }

]