[
  {
    "emoteName": "Default",
    "filePathEyebrows": "resources/Roamin/character_brow_normal_right.png",
    "filePathMouth": "resources/Roamin/character_closed_right.png",
    "filePathIcon": "resources/Roamin/Emotes/Default.png"
  },
  {
    "emoteName": "Angry",
    "filePathEyebrows": "resources/Roamin/character_brow_angry_right.png",
    "filePathMouth": "resources/Roamin/character_teeth_right.png",
    "filePathIcon": "resources/Roamin/Emotes/Angry.png"
  },
  {
    "emoteName": "Confused",
    "filePathEyebrows": "resources/Roamin/character_brow_confused_right.png",
    "filePathMouth": "resources/Roamin/character_open_right.png",
    "filePathIcon": "resources/Roamin/Emotes/Confused.png"
  },
  {
    "emoteName": "Gasp",
    "filePathEyebrows": "resources/Roamin/character_brow_sad_right.png",
    "filePathMouth": "resources/Roamin/character_wideopen_right.png",
    "filePathIcon": "resources/Roamin/Emotes/Gasp.png"
  },
  {
    "emoteName": "Ooo",
    "filePathEyebrows": "resources/Roamin/character_brow_excited_right.png",
    "filePathMouth": "resources/Roamin/character_O_right.png",
    "filePathIcon": "resources/Roamin/Emotes/Ooo.png"
  },
  {
  	"emoteName": "Happy",
  	"filePathEyebrows": "resources/Roamin/character_brow_Excited_right.png",
  	"filePathMouth": "resources/Roamin/character_happy_right.png",
    "filePathIcon": "resources/Roamin/Emotes/Happy.png"
  },
  {
	"emoteName": "Sad",
	"filePathEyebrows": "resources/Roamin/character_brow_sad_right.png",
	"filePathMouth": "resources/Roamin/character_closed_right.png",
    "filePathIcon": "resources/Roamin/Emotes/Sad.png"
  },
  {
  	"emoteName": "Very Angry",
  	"filePathEyebrows": "resources/Roamin/character_brow_veryangry_right.png",
  	"filePathMouth": "resources/Roamin/character_teeth_right.png",
    "filePathIcon": "resources/Roamin/Emotes/VeryAngry.png"
  }
]