[
  {
	"hatName": "PorcNose",
    "filePathHat": "resources/Roamin/character_hat_porcnose.png"
  },
  {
	"hatName": "ElfEar",
    "filePathHat": "resources/Roamin/character_hat_elfear.png"
  },
  {
	"hatName": "Pirate",
    "filePathHat": "resources/Roamin/character_hat_pirate.png"
  },
   {
	"hatName": "Bowler",
    "filePathHat": "resources/Roamin/character_hat_bowler.png"
  },
  {
	"hatName": "Goggles",
    "filePathHat": "resources/Roamin/character_hat_goggles.png"
  },
   {
	"hatName": "Sunglasses",
    "filePathHat": "resources/Roamin/character_hat_sunglasses.png"
  },
   {
	"hatName": "Paladin",
    "filePathHat": "resources/Roamin/character_hat_paladin.png"
  },
   {
	"hatName": "Bandana",
    "filePathHat": "resources/Roamin/character_hat_bandana.png"
  },
   {
	"hatName": "DragonWan",
    "filePathHat": "resources/Roamin/character_hat_dragonwan.png"
  }
]