[
  {
    "emoteName": "Default",
    "filePathEyebrows": "resources/Dvergr/character_brow_normal_right.png",
    "filePathMouth": "resources/Dvergr/character_closed_right.png",
    "filePathIcon": "resources/Dvergr/Emotes/Default.png"
  },
  {
    "emoteName": "Angry",
    "filePathEyebrows": "resources/Dvergr/character_brow_angry_right.png",
    "filePathMouth": "resources/Dvergr/character_closed_right.png",
    "filePathIcon": "resources/Dvergr/Emotes/Angry.png"
  },
  {
    "emoteName": "Confused",
    "filePathEyebrows": "resources/Dvergr/character_brow_confused_right.png",
    "filePathMouth": "resources/Dvergr/character_open_right.png",
    "filePathIcon": "resources/Dvergr/Emotes/Confused.png"
  },
  {
    "emoteName": "Gasp",
    "filePathEyebrows": "resources/Dvergr/character_brow_excited_right.png",
    "filePathMouth": "resources/Dvergr/character_open_right.png",
    "filePathIcon": "resources/Dvergr/Emotes/Gasp.png"
  }
]