[
  {
	"hatName": "Hair",
    "filePathHat": "resources/Justin/character_hat_hair_right.png",
    "defaultEquip": true
  },
  {
	"hatName": "Goggles",
    "filePathHat": "resources/Justin/character_hat_goggles_right.png"
  },
  {
	"hatName": "JayLeno",
    "filePathHat": "resources/Justin/character_hat_jleno_right.png"
  },
  {
	"hatName": "Bandana",
    "filePathHat": "resources/Justin/character_hat_bandana_right.png"
  },
  {
	"hatName": "PigTails",
    "filePathHat": "resources/Justin/character_hat_pigtails_right.png"
  },
  {
	"hatName": "ElfEars",
    "filePathHat": "resources/Justin/character_hat_elfear_right.png"
  },
  {
	"hatName": "Rose",
    "filePathHat": "resources/Justin/character_hat_rose_right.png"
  },
  {
  "hatName": "Dwarf",
    "filePathHat": "resources/Justin/character_hat_dwarf_right.png"
  },
  {
  "hatName": "Wizard",
    "filePathHat": "resources/Justin/character_hat_wizard_right.png"
  }

]