[
  {"handName":"One",
   "animated":false,
   "filePath":"resources/Coe/character_hand_one.png"
 },  
 {"handName":"Two",
   "animated":false,
   "filePath":"resources/Coe/character_hand_two.png"
 },  
 {"handName":"Three",
   "animated":false,
   "filePath":"resources/Coe/character_hand_three.png"
 },  
 {"handName":"Four",
   "animated":false,
   "filePath":"resources/Coe/character_hand_four.png"
 },  
 {"handName":"Five",
   "animated":false,
   "filePath":"resources/Coe/character_hand_five.png"
 },
 {"handName":"Puppet",
   "animated":true,
   "filePath":"resources/Coe/Puppet/",
   "frameDelay":2
  },
 {"handName":"PuppetIdle",
   "animated":false,
   "filePath":"resources/Coe/character_hand_puppet_0.png"
 },
 {"handName":"PuppetV2",
   "animated":true,
   "filePath":"resources/Coe/PuppetV2/",
   "frameDelay":2
 },
]
