[
  {
    "emoteName": "Default",
    "filePathEyebrows": "resources/Gobolf/character_brow_normal_right.png",
    "filePathMouth": "resources/Gobolf/character_teeth_right.png",
    "filePathIcon": "resources/Gobolf/Emotes/Default.png"
  },
  {
    "emoteName": "Angry",
    "filePathEyebrows": "resources/Gobolf/character_brow_very_angry_right.png",
    "filePathMouth": "resources/Gobolf/character_teeth_right.png",
    "filePathIcon": "resources/Gobolf/Emotes/Angry.png"
  },
  {
    "emoteName": "Confused",
    "filePathEyebrows": "resources/Gobolf/character_brow_confused_right.png",
    "filePathMouth": "resources/Gobolf/character_open_right.png",
    "filePathIcon": "resources/Gobolf/Emotes/Confused.png"
  },
  {
    "emoteName": "Gasp",
    "filePathEyebrows": "resources/Gobolf/character_brow_excited_right.png",
    "filePathMouth": "resources/Gobolf/character_wide_open_right.png",
    "filePathIcon": "resources/Gobolf/Emotes/Gasp.png"
  },
  {
    "emoteName": "Ooo",
    "filePathEyebrows": "resources/Gobolf/character_brow_excited_right.png",
    "filePathMouth": "resources/Gobolf/character_O_right.png",
    "filePathIcon": "resources/Gobolf/Emotes/Ooo.png"
  },
  {
    "emoteName": "Sad",
    "filePathEyebrows": "resources/Gobolf/character_brow_sad_right.png",
    "filePathMouth": "resources/Gobolf/character_teeth_right.png",
    "filePathIcon": "resources/Gobolf/Emotes/Sad.png"
  },
  {
    "emoteName": "Happy",
    "filePathEyebrows": "resources/Gobolf/character_brow_happy_right.png",
    "filePathMouth": "resources/Gobolf/character_happy_right.png",
    "filePathIcon": "resources/Gobolf/Emotes/Happy.png"
  },
  {
    "emoteName": "Cringe",
    "filePathEyebrows": "resources/Gobolf/character_brow_cringe_right.png",
    "filePathMouth": "resources/Gobolf/character_open_right.png",
    "filePathIcon": "resources/Gobolf/Emotes/Cringe.png"
  },
  {
    "emoteName": "Creep",
    "filePathEyebrows": "resources/Gobolf/character_brow_creep_right.png",
    "filePathMouth": "resources/Gobolf/character_happy_right.png",
    "filePathIcon": "resources/Gobolf/Emotes/Creep.png"
  },
  {
    "emoteName": "Evil",
    "filePathEyebrows": "resources/Gobolf/character_brow_evil_right.png",
    "filePathMouth": "resources/Gobolf/character_happy_right.png",
    "filePathIcon": "resources/Gobolf/Emotes/Evil.png"
  },
  {
    "emoteName": "Very Sad",
    "filePathEyebrows": "resources/Gobolf/character_brow_very_sad_right.png",
    "filePathMouth": "resources/Gobolf/character_teeth_right.png",
    "filePathIcon": "resources/Gobolf/Emotes/VerySad.png"
  }
]