[
  {
    "emoteName": "Default",
    "filePathEyebrows": "resources/Kobold/character_brow_normal_right.png",
    "filePathMouth": "resources/Kobold/character_closed_right.png",
    "filePathIcon": "resources/Kobold/Emotes/Default.png"
  },
  {
    "emoteName": "Angry",
    "filePathEyebrows": "resources/Kobold/character_brow_angry_right.png",
    "filePathMouth": "resources/Kobold/character_teeth_right.png",
    "filePathIcon": "resources/Kobold/Emotes/Angry.png"
  },
  {
    "emoteName": "Confused",
    "filePathEyebrows": "resources/Kobold/character_brow_confused_right.png",
    "filePathMouth": "resources/Kobold/character_bigteeth_right.png",
    "filePathIcon": "resources/Kobold/Emotes/Confused.png"
  },
  {
    "emoteName": "Gasp",
    "filePathEyebrows": "resources/Kobold/character_brow_sad_right.png",
    "filePathMouth": "resources/Kobold/character_open_right.png",
    "filePathIcon": "resources/Kobold/Emotes/Gasp.png"
  },
  {
    "emoteName": "Ooo",
    "filePathEyebrows": "resources/Kobold/character_brow_excited_right.png",
    "filePathMouth": "resources/Kobold/character_O_right.png",
    "filePathIcon": "resources/Kobold/Emotes/Ooo.png"
  },
  {
    "emoteName": "Happy",
    "filePathEyebrows": "resources/Kobold/character_brow_excited_right.png",
    "filePathMouth": "resources/Kobold/character_happy_right.png",
    "filePathIcon": "resources/Kobold/Emotes/Happy.png"
  },
  {
    "emoteName": "Sad",
    "filePathEyebrows": "resources/Kobold/character_brow_sad_right.png",
    "filePathMouth": "resources/Kobold/character_closed_right.png",
    "filePathIcon": "resources/Kobold/Emotes/Sad.png"
  }
]