[
  {
    "emoteName": "Default",
    "filePathEyebrows": "resources/Gnome/character_brow_normal_right.png",
    "filePathMouth": "resources/Gnome/character_closed_right.png",
    "filePathIcon": "resources/Gnome/Emotes/Default.png"
  },
  {
    "emoteName": "Angry",
    "filePathEyebrows": "resources/Gnome/character_brow_angry_right.png",
    "filePathMouth": "resources/Gnome/character_teeth_right.png",
    "filePathIcon": "resources/Gnome/Emotes/Angry.png"
  },
  {
    "emoteName": "Confused",
    "filePathEyebrows": "resources/Gnome/character_brow_confused_right.png",
    "filePathMouth": "resources/Gnome/character_open_right.png",
    "filePathIcon": "resources/Gnome/Emotes/Confused.png"
  },
  {
    "emoteName": "Gasp",
    "filePathEyebrows": "resources/Gnome/character_brow_excited_right.png",
    "filePathMouth": "resources/Gnome/character_wide_open_right.png",
    "filePathIcon": "resources/Gnome/Emotes/Gasp.png"
  },
  {
    "emoteName": "Ooo",
    "filePathEyebrows": "resources/Gnome/character_brow_excited_right.png",
    "filePathMouth": "resources/Gnome/character_O_right.png",
    "filePathIcon": "resources/Gnome/Emotes/Ooo.png"
  }
]