[
  {
    "emoteName": "Default",
    "filePathEyebrows": "resources/Pat/character_brow_normal_right.png",
    "filePathMouth": "resources/Pat/character_closed_right.png",
    "filePathIcon": "resources/Pat/Emotes/Default.png"
  },
  {
    "emoteName": "Angry",
    "filePathEyebrows": "resources/Pat/character_brow_angry_right.png",
    "filePathMouth": "resources/Pat/character_teeth_right.png",
    "filePathIcon": "resources/Pat/Emotes/Angry.png"
  },
  {
    "emoteName": "Confused",
    "filePathEyebrows": "resources/Pat/character_brow_confused_right.png",
    "filePathMouth": "resources/Pat/character_open_right.png",
    "filePathIcon": "resources/Pat/Emotes/Confused.png"
  },
  {
    "emoteName": "Gasp",
    "filePathEyebrows": "resources/Pat/character_brow_excited_right.png",
    "filePathMouth": "resources/Pat/character_wideopen_right.png",
    "filePathIcon": "resources/Pat/Emotes/Gasp.png"
  },
  {
    "emoteName": "Ooo",
    "filePathEyebrows": "resources/Pat/character_brow_confused_right.png",
    "filePathMouth": "resources/Pat/character_O_right.png",
    "filePathIcon": "resources/Pat/Emotes/Ooo.png"
  },
  {
    "emoteName": "Happy",
    "filePathEyebrows": "resources/Pat/character_brow_excited_right.png",
    "filePathMouth": "resources/Pat/character_happy_right.png",
    "filePathIcon": "resources/Pat/Emotes/Happy.png"
  }

]