[
  {
    "emoteName": "Default",
    "filePathEyebrows": "resources/Rob/character_brow_normal_right.png",
    "filePathMouth": "resources/Rob/character_closed_right.png",
    "filePathIcon": "resources/Rob/Emotes/Default.png"
  },
  {
    "emoteName": "Angry",
    "filePathEyebrows": "resources/Rob/character_brow_angry_right.png",
    "filePathMouth": "resources/Rob/character_teeth_right.png",
    "filePathIcon": "resources/Rob/Emotes/Angry.png"
  },
  {
    "emoteName": "Confused",
    "filePathEyebrows": "resources/Rob/character_brow_confused_right.png",
    "filePathMouth": "resources/Rob/character_open_right.png",
    "filePathIcon": "resources/Rob/Emotes/Confused.png"
  },
  {
    "emoteName": "Gasp",
    "filePathEyebrows": "resources/Rob/character_brow_sad_right.png",
    "filePathMouth": "resources/Rob/character_wideopen_right.png",
    "filePathIcon": "resources/Rob/Emotes/Gasp.png"
  },
  {
    "emoteName": "Ooo",
    "filePathEyebrows": "resources/Rob/character_brow_excited_right.png",
    "filePathMouth": "resources/Rob/character_O_right.png",
    "filePathIcon": "resources/Rob/Emotes/Ooo.png"
  },
  {
	"emoteName": "Sad",
	"filePathEyebrows": "resources/Rob/character_brow_sad_right.png",
	"filePathMouth": "resources/Rob/character_closed_right.png",
    "filePathIcon": "resources/Rob/Emotes/Sad.png"
  }

]