[
  {
	"hatName": "DBHat",
    "filePathHat": "resources/Deadbones/character_hat_DBhat_right.png"
  },
  {
	"hatName": "Beard",
    "filePathHat": "resources/Deadbones/character_hat_beard_right.png"
  },
  {
	"hatName": "Amish",
    "filePathHat": "resources/Deadbones/character_hat_amish_right.png"
  },
  {
	"hatName": "Cap",
    "filePathHat": "resources/Deadbones/character_hat_cap_right.png"
  },
  {
	"hatName": "ElfEars",
    "filePathHat": "resources/Deadbones/character_hat_elfear_right.png"
  },
  {
	"hatName": "Goggles",
    "filePathHat": "resources/Deadbones/character_hat_goggles_right.png"
  },
  {
	"hatName": "Lolita",
    "filePathHat": "resources/Deadbones/character_hat_lolita_right.png"
  },
  {
	"hatName": "Mane",
    "filePathHat": "resources/Deadbones/character_hat_mane_right.png"
  },
  {
	"hatName": "PorcNose",
    "filePathHat": "resources/Deadbones/character_hat_porcnose_right.png"
  },
  {
	"hatName": "CaRell",
    "filePathHat": "resources/Deadbones/character_hat_CaRell_right.png"
  },
  {
	"hatName": "Short",
    "filePathHat": "resources/Deadbones/character_hat_short_right.png"
  },
  {
  "hatName": "Ponytail",
    "filePathHat": "resources/Deadbones/character_hat_ponytail_right.png"
  }
]